<?xml version="1.0" encoding="UTF-8"?>
<project>
  <core name="" type="" target="">
    <kernel name="load" language="c" vlnv="xilinx.com:hls:load:1.0" attributes="" hash="" preferredWorkGroupSizeMultiple="0" workGroupSize="1" debug="false" interrupt="true">
      <port name="M_AXI_DATA_PORT" mode="master" range="0xFFFFFFFF" dataWidth="128" portType="addressable" base="0x00000000"/>
      <port name="S_AXI_CONTROL_BUS" mode="slave" range="0x1000" dataWidth="32" portType="addressable" base="0x00000000"/>
      <arg name="inputs_V" addressQualifier="1" id="0" port="M_AXI_DATA_PORT" size="0x4" offset="0x10" hostOffset="0x0" hostSize="0x4" type="*"/>
      <arg name="weights_V" addressQualifier="1" id="1" port="M_AXI_DATA_PORT" size="0x4" offset="0x18" hostOffset="0x0" hostSize="0x4" type="*"/>
      <compileWorkGroupSize x="1" y="1" z="1"/>
    </kernel>
  </core>
</project>
