{
  "Top": "fetch",
  "RtlTop": "fetch",
  "RtlPrefix": "",
  "SourceLanguage": "cpp",
  "ResetStyle": "control",
  "GenerateBdFiles": "1",
  "HostMachineBits": "64",
  "Target": {
    "Family": "kintexu",
    "Device": "xcku040",
    "Package": "-ffva1156",
    "Speed": "-2-e"
  },
  "HlsSolution": {
    "DirectiveTcl": [
      "set_directive_array_reshape load ",
      "set_directive_array_reshape compute ",
      "set_directive_array_reshape load ",
      "set_directive_array_reshape compute ",
      "set_directive_array_partition load ",
      "set_directive_array_partition compute ",
      "set_directive_array_reshape compute ",
      "set_directive_array_reshape store "
    ],
    "DirectiveInfo": [
      "array_reshape load {{reshape positionBooleanCmd} {variable positionBooleanTextRequiredinp_mem} {block positionBoolean0type} {factor 1} {dim 2}} {}",
      "array_reshape compute {{reshape positionBooleanCmd} {variable positionBooleanTextRequiredinp_mem} {block positionBoolean0type} {factor 1} {dim 2}} {}",
      "array_reshape load {{reshape positionBooleanCmd} {variable positionBooleanTextRequiredwgt_mem} {block positionBoolean0type} {factor 8} {dim 2}} {}",
      "array_reshape compute {{reshape positionBooleanCmd} {variable positionBooleanTextRequiredwgt_mem} {block positionBoolean0type} {factor 8} {dim 2}} {}",
      "array_partition load {{partition positionBooleanCmd} {variable positionBooleanTextRequiredwgt_mem} {block positionBoolean0type} {factor 2} {dim 2}} {}",
      "array_partition compute {{partition positionBooleanCmd} {variable positionBooleanTextRequiredwgt_mem} {block positionBoolean0type} {factor 2} {dim 2}} {}",
      "array_reshape compute {{reshape positionBooleanCmd} {variable positionBooleanTextRequiredout_mem} {block positionBoolean0type} {factor 1} {dim 2}} {}",
      "array_reshape store {{reshape positionBooleanCmd} {variable positionBooleanTextRequiredout_mem} {block positionBoolean0type} {factor 1} {dim 2}} {}"
    ]
  },
  "ClockInfo": {
    "ClockName": "ap_clk",
    "ClockPeriod": "2",
    "IsCombLogic": "0",
    "II": "x",
    "Latency": "undef",
    "Uncertainty": "0.25"
  },
  "Xdc": {"OocClocks": ["create_clock -name ap_clk -period 2.000 [get_ports ap_clk]"]},
  "Ipx": {
    "Vendor": "xilinx.com",
    "Library": "hls",
    "Name": "fetch",
    "Version": "1.0",
    "DisplayName": "Fetch",
    "Revision": "",
    "Description": "An IP generated by Vivado HLS",
    "Taxonomy": "\/VIVADO_HLS_IP",
    "AutoFamilySupport": ""
  },
  "Files": {
    "CSource": ["\/home\/bibo\/work\/incubator-tvm\/vta\/hardware\/xilinx\/..\/..\/hardware\/xilinx\/src\/vta.cc"],
    "Vhdl": [
      "impl\/vhdl\/fetch_CONTROL_BUS_s_axi.vhd",
      "impl\/vhdl\/fetch_ins_port_m_axi.vhd",
      "impl\/vhdl\/fetch.vhd"
    ],
    "Verilog": [
      "impl\/verilog\/fetch_CONTROL_BUS_s_axi.v",
      "impl\/verilog\/fetch_ins_port_m_axi.v",
      "impl\/verilog\/fetch.v"
    ],
    "SwDriver": [
      "impl\/misc\/drivers\/fetch_v1_0\/data\/fetch.mdd",
      "impl\/misc\/drivers\/fetch_v1_0\/data\/fetch.tcl",
      "impl\/misc\/drivers\/fetch_v1_0\/src\/Makefile",
      "impl\/misc\/drivers\/fetch_v1_0\/src\/xfetch.c",
      "impl\/misc\/drivers\/fetch_v1_0\/src\/xfetch.h",
      "impl\/misc\/drivers\/fetch_v1_0\/src\/xfetch_hw.h",
      "impl\/misc\/drivers\/fetch_v1_0\/src\/xfetch_linux.c",
      "impl\/misc\/drivers\/fetch_v1_0\/src\/xfetch_sinit.c"
    ],
    "Misc": ["impl\/misc\/logo.png"],
    "DesignXml": "\/home\/bibo\/work\/incubator-tvm\/vta\/build\/hardware\/xilinx\/hls\/kcu105_1x16_i8w8a32_15_15_18_17\/vta_fetch\/soln\/.autopilot\/db\/fetch.design.xml"
  },
  "SubcoreInfo": {
    "HasXpmMemory": false,
    "HasClockedDsp": false,
    "IP": []
  },
  "Interfaces": {
    "ap_clk": {
      "type": "clock",
      "ctype": {"CLK": {"Type": "bool"}},
      "buses": "s_axi_CONTROL_BUS m_axi_ins_port load_queue_V_V gemm_queue_V_V store_queue_V_V",
      "reset": "ap_rst_n"
    },
    "ap_rst_n": {
      "type": "reset",
      "polarity": "ACTIVE_LOW",
      "ctype": {"RST": {"Type": "bool"}}
    },
    "gemm_queue_V_V": {
      "type": "axi4stream",
      "mode": "master",
      "port_prefix": "gemm_queue_V_V",
      "has_tready": "1",
      "ctype": {
        "TDATA": {
          "Type": "integer unsigned",
          "Width": "128"
        },
        "TVALID": {"Type": "bool"},
        "TREADY": {"Type": "bool"}
      },
      "port_width": {"TDATA": "128"}
    },
    "interrupt": {
      "type": "interrupt",
      "ctype": {"INTERRUPT": {"Type": "bool"}}
    },
    "load_queue_V_V": {
      "type": "axi4stream",
      "mode": "master",
      "port_prefix": "load_queue_V_V",
      "has_tready": "1",
      "ctype": {
        "TDATA": {
          "Type": "integer unsigned",
          "Width": "128"
        },
        "TVALID": {"Type": "bool"},
        "TREADY": {"Type": "bool"}
      },
      "port_width": {"TDATA": "128"}
    },
    "m_axi_ins_port": {
      "type": "native_axim",
      "is_adaptor": "true",
      "mode": "master",
      "port_prefix": "m_axi_ins_port",
      "data_width": "128",
      "param_prefix": "C_M_AXI_INS_PORT",
      "ctype": {
        "AWLEN": {
          "Type": "integer unsigned",
          "Width": "8"
        },
        "AWSIZE": {
          "Type": "integer unsigned",
          "Width": "3"
        },
        "AWBURST": {
          "Type": "integer unsigned",
          "Width": "2"
        },
        "AWLOCK": {
          "Type": "integer unsigned",
          "Width": "2"
        },
        "AWREGION": {
          "Type": "integer unsigned",
          "Width": "4"
        },
        "AWCACHE": {
          "Type": "integer unsigned",
          "Width": "4"
        },
        "AWPROT": {
          "Type": "integer unsigned",
          "Width": "3"
        },
        "AWQOS": {
          "Type": "integer unsigned",
          "Width": "4"
        },
        "AWVALID": {"Type": "bool"},
        "AWREADY": {"Type": "bool"},
        "WLAST": {"Type": "bool"},
        "WVALID": {"Type": "bool"},
        "WREADY": {"Type": "bool"},
        "BVALID": {"Type": "bool"},
        "BREADY": {"Type": "bool"},
        "BRESP": {
          "Type": "integer unsigned",
          "Width": "2"
        },
        "ARLEN": {
          "Type": "integer unsigned",
          "Width": "8"
        },
        "ARSIZE": {
          "Type": "integer unsigned",
          "Width": "3"
        },
        "ARBURST": {
          "Type": "integer unsigned",
          "Width": "2"
        },
        "ARLOCK": {
          "Type": "integer unsigned",
          "Width": "2"
        },
        "ARREGION": {
          "Type": "integer unsigned",
          "Width": "4"
        },
        "ARCACHE": {
          "Type": "integer unsigned",
          "Width": "4"
        },
        "ARPROT": {
          "Type": "integer unsigned",
          "Width": "3"
        },
        "ARQOS": {
          "Type": "integer unsigned",
          "Width": "4"
        },
        "ARVALID": {"Type": "bool"},
        "ARREADY": {"Type": "bool"},
        "RLAST": {"Type": "bool"},
        "RVALID": {"Type": "bool"},
        "RREADY": {"Type": "bool"},
        "RRESP": {
          "Type": "integer unsigned",
          "Width": "2"
        },
        "AWADDR": {
          "Type": "integer unsigned",
          "Width": "32"
        },
        "AWID": {
          "Type": "integer unsigned",
          "Width": "1"
        },
        "AWUSER": {
          "Type": "integer unsigned",
          "Width": "1"
        },
        "WDATA": {
          "Type": "integer unsigned",
          "Width": "128"
        },
        "WSTRB": {
          "Type": "integer unsigned",
          "Width": "16"
        },
        "WID": {
          "Type": "integer unsigned",
          "Width": "1"
        },
        "WUSER": {
          "Type": "integer unsigned",
          "Width": "1"
        },
        "ARADDR": {
          "Type": "integer unsigned",
          "Width": "32"
        },
        "ARID": {
          "Type": "integer unsigned",
          "Width": "1"
        },
        "ARUSER": {
          "Type": "integer unsigned",
          "Width": "1"
        },
        "RDATA": {
          "Type": "integer unsigned",
          "Width": "128"
        },
        "RID": {
          "Type": "integer unsigned",
          "Width": "1"
        },
        "RUSER": {
          "Type": "integer unsigned",
          "Width": "1"
        },
        "BID": {
          "Type": "integer unsigned",
          "Width": "1"
        },
        "BUSER": {
          "Type": "integer unsigned",
          "Width": "1"
        }
      },
      "HasOffset": "1",
      "preferred_usage_value": "MEMORY",
      "has_dependant_on": "1",
      "offset_slave_name": "s_axi_CONTROL_BUS",
      "NUM_READ_OUTSTANDING": "16",
      "NUM_WRITE_OUTSTANDING": "16",
      "MAX_READ_BURST_LENGTH": "16",
      "MAX_WRITE_BURST_LENGTH": "16",
      "port_width": {
        "ARADDR": "32",
        "ARID": "1",
        "ARUSER": "1",
        "AWADDR": "32",
        "AWID": "1",
        "AWUSER": "1",
        "BID": "1",
        "BUSER": "1",
        "RDATA": "128",
        "RID": "1",
        "RUSER": "1",
        "WDATA": "128",
        "WID": "1",
        "WSTRB": "16",
        "WUSER": "1"
      }
    },
    "s_axi_CONTROL_BUS": {
      "type": "axi4lite",
      "is_adaptor": "true",
      "mode": "slave",
      "port_prefix": "s_axi_CONTROL_BUS",
      "param_prefix": "C_S_AXI_CONTROL_BUS",
      "addr_bits": "5",
      "registers": [
        {
          "offset": "0x00",
          "name": "CTRL",
          "access": "RW",
          "reset_value": "0x0",
          "description": "Control signals",
          "fields": [
            {
              "offset": "0",
              "width": "1",
              "name": "AP_START",
              "access": "RW",
              "reset_value": "0",
              "description": "Control signal Register for 'ap_start'."
            },
            {
              "offset": "1",
              "width": "1",
              "name": "AP_DONE",
              "access": "R",
              "reset_value": "0",
              "description": "Control signal Register for 'ap_done'."
            },
            {
              "offset": "2",
              "width": "1",
              "name": "AP_IDLE",
              "access": "R",
              "reset_value": "0",
              "description": "Control signal Register for 'ap_idle'."
            },
            {
              "offset": "3",
              "width": "1",
              "name": "AP_READY",
              "access": "R",
              "reset_value": "0",
              "description": "Control signal Register for 'ap_ready'."
            },
            {
              "offset": "4",
              "width": "3",
              "name": "RESERVED_1",
              "access": "R",
              "reset_value": "0",
              "description": "Reserved.  0s on read."
            },
            {
              "offset": "7",
              "width": "1",
              "name": "AUTO_RESTART",
              "access": "RW",
              "reset_value": "0",
              "description": "Control signal Register for 'auto_restart'."
            },
            {
              "offset": "8",
              "width": "24",
              "name": "RESERVED_2",
              "access": "R",
              "reset_value": "0",
              "description": "Reserved.  0s on read."
            }
          ]
        },
        {
          "offset": "0x04",
          "name": "GIER",
          "access": "RW",
          "reset_value": "0x0",
          "description": "Global Interrupt Enable Register",
          "fields": [
            {
              "offset": "0",
              "width": "1",
              "name": "Enable",
              "access": "RW",
              "reset_value": "0",
              "description": "Master enable for the device interrupt output to the system interrupt controller: 0 = Disabled, 1 = Enabled"
            },
            {
              "offset": "1",
              "width": "31",
              "name": "RESERVED",
              "access": "R",
              "reset_value": "0",
              "description": "Reserved.  0s on read."
            }
          ]
        },
        {
          "offset": "0x08",
          "name": "IP_IER",
          "access": "RW",
          "reset_value": "0x0",
          "description": "IP Interrupt Enable Register",
          "fields": [
            {
              "offset": "0",
              "width": "1",
              "name": "CHAN0_INT_EN",
              "access": "RW",
              "reset_value": "0",
              "description": "Enable Channel 0 (ap_done) Interrupt.  0 = Disabled, 1 = Enabled."
            },
            {
              "offset": "1",
              "width": "1",
              "name": "CHAN1_INT_EN",
              "access": "RW",
              "reset_value": "0",
              "description": "Enable Channel 1 (ap_ready) Interrupt.  0 = Disabled, 1 = Enabled."
            },
            {
              "offset": "2",
              "width": "30",
              "name": "RESERVED",
              "access": "R",
              "reset_value": "0",
              "description": "Reserved.  0s on read."
            }
          ]
        },
        {
          "offset": "0x0c",
          "name": "IP_ISR",
          "access": "RW",
          "reset_value": "0x0",
          "description": "IP Interrupt Status Register",
          "fields": [
            {
              "offset": "0",
              "width": "1",
              "name": "CHAN0_INT_ST",
              "access": "RTOW",
              "reset_value": "0",
              "description": "Channel 0 (ap_done) Interrupt Status. 0 = No Channel 0 input interrupt, 1 = Channel 0 input interrup"
            },
            {
              "offset": "1",
              "width": "1",
              "name": "CHAN1_INT_ST",
              "access": "RTOW",
              "reset_value": "0",
              "description": "Channel 1 (ap_ready) Interrupt Status. 0 = No Channel 1 input interrupt, 1 = Channel 1 input interrup"
            },
            {
              "offset": "2",
              "width": "30",
              "name": "RESERVED",
              "access": "R",
              "reset_value": "0",
              "description": "Reserved.  0s on read."
            }
          ]
        },
        {
          "offset": "0x10",
          "name": "insn_count",
          "access": "W",
          "reset_value": "0x0",
          "description": "Data signal of insn_count",
          "fields": [{
              "offset": "0",
              "width": "32",
              "name": "insn_count",
              "access": "W",
              "reset_value": "0",
              "description": "Bit 31 to 0 Data signal of insn_count"
            }]
        },
        {
          "offset": "0x18",
          "name": "insns_V",
          "access": "W",
          "reset_value": "0x0",
          "description": "Data signal of insns_V",
          "fields": [{
              "offset": "0",
              "width": "32",
              "name": "insns_V",
              "access": "W",
              "reset_value": "0",
              "description": "Bit 31 to 0 Data signal of insns_V"
            }]
        }
      ],
      "memories": "",
      "ctype": {
        "AWVALID": {"Type": "bool"},
        "AWREADY": {"Type": "bool"},
        "WVALID": {"Type": "bool"},
        "WREADY": {"Type": "bool"},
        "BVALID": {"Type": "bool"},
        "BREADY": {"Type": "bool"},
        "BRESP": {
          "Type": "integer unsigned",
          "Width": "2"
        },
        "ARVALID": {"Type": "bool"},
        "ARREADY": {"Type": "bool"},
        "RVALID": {"Type": "bool"},
        "RREADY": {"Type": "bool"},
        "RRESP": {
          "Type": "integer unsigned",
          "Width": "2"
        },
        "AWADDR": {
          "Type": "integer unsigned",
          "Width": "5"
        },
        "WDATA": {
          "Type": "null",
          "Width": "32"
        },
        "WSTRB": {
          "Type": "integer unsigned",
          "Width": "4"
        },
        "ARADDR": {
          "Type": "integer unsigned",
          "Width": "5"
        },
        "RDATA": {
          "Type": "null",
          "Width": "32"
        }
      },
      "data_width": "32",
      "port_width": {
        "ARADDR": "5",
        "AWADDR": "5",
        "RDATA": "32",
        "WDATA": "32",
        "WSTRB": "4"
      }
    },
    "store_queue_V_V": {
      "type": "axi4stream",
      "mode": "master",
      "port_prefix": "store_queue_V_V",
      "has_tready": "1",
      "ctype": {
        "TDATA": {
          "Type": "integer unsigned",
          "Width": "128"
        },
        "TVALID": {"Type": "bool"},
        "TREADY": {"Type": "bool"}
      },
      "port_width": {"TDATA": "128"}
    }
  },
  "RtlPorts": {
    "s_axi_CONTROL_BUS_AWVALID": {
      "dir": "in",
      "width": "1"
    },
    "s_axi_CONTROL_BUS_AWREADY": {
      "dir": "out",
      "width": "1"
    },
    "s_axi_CONTROL_BUS_AWADDR": {
      "dir": "in",
      "width": "5"
    },
    "s_axi_CONTROL_BUS_WVALID": {
      "dir": "in",
      "width": "1"
    },
    "s_axi_CONTROL_BUS_WREADY": {
      "dir": "out",
      "width": "1"
    },
    "s_axi_CONTROL_BUS_WDATA": {
      "dir": "in",
      "width": "32"
    },
    "s_axi_CONTROL_BUS_WSTRB": {
      "dir": "in",
      "width": "4"
    },
    "s_axi_CONTROL_BUS_ARVALID": {
      "dir": "in",
      "width": "1"
    },
    "s_axi_CONTROL_BUS_ARREADY": {
      "dir": "out",
      "width": "1"
    },
    "s_axi_CONTROL_BUS_ARADDR": {
      "dir": "in",
      "width": "5"
    },
    "s_axi_CONTROL_BUS_RVALID": {
      "dir": "out",
      "width": "1"
    },
    "s_axi_CONTROL_BUS_RREADY": {
      "dir": "in",
      "width": "1"
    },
    "s_axi_CONTROL_BUS_RDATA": {
      "dir": "out",
      "width": "32"
    },
    "s_axi_CONTROL_BUS_RRESP": {
      "dir": "out",
      "width": "2"
    },
    "s_axi_CONTROL_BUS_BVALID": {
      "dir": "out",
      "width": "1"
    },
    "s_axi_CONTROL_BUS_BREADY": {
      "dir": "in",
      "width": "1"
    },
    "s_axi_CONTROL_BUS_BRESP": {
      "dir": "out",
      "width": "2"
    },
    "ap_clk": {
      "dir": "in",
      "width": "1"
    },
    "ap_rst_n": {
      "dir": "in",
      "width": "1"
    },
    "interrupt": {
      "dir": "out",
      "width": "1",
      "isVector": "true"
    },
    "m_axi_ins_port_AWVALID": {
      "dir": "out",
      "width": "1"
    },
    "m_axi_ins_port_AWREADY": {
      "dir": "in",
      "width": "1"
    },
    "m_axi_ins_port_AWADDR": {
      "dir": "out",
      "width": "32"
    },
    "m_axi_ins_port_AWID": {
      "dir": "out",
      "width": "1",
      "isVector": "true"
    },
    "m_axi_ins_port_AWLEN": {
      "dir": "out",
      "width": "8"
    },
    "m_axi_ins_port_AWSIZE": {
      "dir": "out",
      "width": "3"
    },
    "m_axi_ins_port_AWBURST": {
      "dir": "out",
      "width": "2"
    },
    "m_axi_ins_port_AWLOCK": {
      "dir": "out",
      "width": "2"
    },
    "m_axi_ins_port_AWCACHE": {
      "dir": "out",
      "width": "4"
    },
    "m_axi_ins_port_AWPROT": {
      "dir": "out",
      "width": "3"
    },
    "m_axi_ins_port_AWQOS": {
      "dir": "out",
      "width": "4"
    },
    "m_axi_ins_port_AWREGION": {
      "dir": "out",
      "width": "4"
    },
    "m_axi_ins_port_AWUSER": {
      "dir": "out",
      "width": "1",
      "isVector": "true"
    },
    "m_axi_ins_port_WVALID": {
      "dir": "out",
      "width": "1"
    },
    "m_axi_ins_port_WREADY": {
      "dir": "in",
      "width": "1"
    },
    "m_axi_ins_port_WDATA": {
      "dir": "out",
      "width": "128"
    },
    "m_axi_ins_port_WSTRB": {
      "dir": "out",
      "width": "16"
    },
    "m_axi_ins_port_WLAST": {
      "dir": "out",
      "width": "1"
    },
    "m_axi_ins_port_WID": {
      "dir": "out",
      "width": "1",
      "isVector": "true"
    },
    "m_axi_ins_port_WUSER": {
      "dir": "out",
      "width": "1",
      "isVector": "true"
    },
    "m_axi_ins_port_ARVALID": {
      "dir": "out",
      "width": "1"
    },
    "m_axi_ins_port_ARREADY": {
      "dir": "in",
      "width": "1"
    },
    "m_axi_ins_port_ARADDR": {
      "dir": "out",
      "width": "32"
    },
    "m_axi_ins_port_ARID": {
      "dir": "out",
      "width": "1",
      "isVector": "true"
    },
    "m_axi_ins_port_ARLEN": {
      "dir": "out",
      "width": "8"
    },
    "m_axi_ins_port_ARSIZE": {
      "dir": "out",
      "width": "3"
    },
    "m_axi_ins_port_ARBURST": {
      "dir": "out",
      "width": "2"
    },
    "m_axi_ins_port_ARLOCK": {
      "dir": "out",
      "width": "2"
    },
    "m_axi_ins_port_ARCACHE": {
      "dir": "out",
      "width": "4"
    },
    "m_axi_ins_port_ARPROT": {
      "dir": "out",
      "width": "3"
    },
    "m_axi_ins_port_ARQOS": {
      "dir": "out",
      "width": "4"
    },
    "m_axi_ins_port_ARREGION": {
      "dir": "out",
      "width": "4"
    },
    "m_axi_ins_port_ARUSER": {
      "dir": "out",
      "width": "1",
      "isVector": "true"
    },
    "m_axi_ins_port_RVALID": {
      "dir": "in",
      "width": "1"
    },
    "m_axi_ins_port_RREADY": {
      "dir": "out",
      "width": "1"
    },
    "m_axi_ins_port_RDATA": {
      "dir": "in",
      "width": "128"
    },
    "m_axi_ins_port_RLAST": {
      "dir": "in",
      "width": "1"
    },
    "m_axi_ins_port_RID": {
      "dir": "in",
      "width": "1",
      "isVector": "true"
    },
    "m_axi_ins_port_RUSER": {
      "dir": "in",
      "width": "1",
      "isVector": "true"
    },
    "m_axi_ins_port_RRESP": {
      "dir": "in",
      "width": "2"
    },
    "m_axi_ins_port_BVALID": {
      "dir": "in",
      "width": "1"
    },
    "m_axi_ins_port_BREADY": {
      "dir": "out",
      "width": "1"
    },
    "m_axi_ins_port_BRESP": {
      "dir": "in",
      "width": "2"
    },
    "m_axi_ins_port_BID": {
      "dir": "in",
      "width": "1",
      "isVector": "true"
    },
    "m_axi_ins_port_BUSER": {
      "dir": "in",
      "width": "1",
      "isVector": "true"
    },
    "load_queue_V_V_TDATA": {
      "dir": "out",
      "width": "128"
    },
    "load_queue_V_V_TVALID": {
      "dir": "out",
      "width": "1"
    },
    "load_queue_V_V_TREADY": {
      "dir": "in",
      "width": "1"
    },
    "gemm_queue_V_V_TDATA": {
      "dir": "out",
      "width": "128"
    },
    "gemm_queue_V_V_TVALID": {
      "dir": "out",
      "width": "1"
    },
    "gemm_queue_V_V_TREADY": {
      "dir": "in",
      "width": "1"
    },
    "store_queue_V_V_TDATA": {
      "dir": "out",
      "width": "128"
    },
    "store_queue_V_V_TVALID": {
      "dir": "out",
      "width": "1"
    },
    "store_queue_V_V_TREADY": {
      "dir": "in",
      "width": "1"
    }
  },
  "CPorts": {
    "insn_count": {
      "interfaceRef": "s_axi_CONTROL_BUS",
      "dir": "in",
      "offset": "16",
      "statusOffset": "NA",
      "handshakeRef": "ap_none",
      "Object": "CONTROL_BUS"
    },
    "insns_V": {
      "interfaceRef": "s_axi_CONTROL_BUS",
      "dir": "in",
      "offset": "24",
      "statusOffset": "NA",
      "handshakeRef": "ap_none",
      "Object": "CONTROL_BUS",
      "aximmInterfaceRef": "m_axi_ins_port",
      "dataWidth": "32"
    },
    "ap_ctrl": {
      "interfaceRef": "s_axi_CONTROL_BUS",
      "dir": "in",
      "offset": "0"
    },
    "ins_port": {
      "interfaceRef": "m_axi_ins_port",
      "dir": "inout"
    },
    "load_queue_V_V": {
      "interfaceRef": "load_queue_V_V",
      "dir": "out",
      "firstOutLatency": "11"
    },
    "gemm_queue_V_V": {
      "interfaceRef": "gemm_queue_V_V",
      "dir": "out",
      "firstOutLatency": "11"
    },
    "store_queue_V_V": {
      "interfaceRef": "store_queue_V_V",
      "dir": "out",
      "firstOutLatency": "11"
    }
  },
  "ModuleInfo": {
    "Hierarchy": {"ModuleName": "fetch"},
    "Metrics": {"fetch": {
        "Latency": {
          "LatencyBest": "",
          "LatencyAvg": "",
          "LatencyWorst": "",
          "PipelineII": "",
          "PipelineDepth": "",
          "PipelineType": "none"
        },
        "Timing": {
          "Target": "2.00",
          "Uncertainty": "0.25",
          "Estimate": "1.750"
        },
        "Loops": [{
            "Name": "INSN_DECODE",
            "TripCount": "",
            "Latency": "",
            "PipelineII": "1",
            "PipelineDepth": "5"
          }],
        "Area": {
          "BRAM_18K": "12",
          "FF": "1753",
          "LUT": "1307",
          "DSP48E": "0"
        }
      }}
  },
  "Sdx": {
    "Target": "none",
    "ProfileOption": "0",
    "ProfileType": "none",
    "XO": "",
    "KernelName": "fetch",
    "EnableXoSwEmu": "1"
  },
  "GenData": {
    "DataVersion": "0.1",
    "Time": "2019-11-21 14:06:52 CST",
    "ToolName": "vivado_hls",
    "ToolVersion": "2018.3"
  }
}
